"ID","Result"
"1.1","Passed"
"2.1","Passed"
"2.2","Passed"
"2.3","Passed"
"2.4","Passed"
"2.5","Passed"
"2.6","Passed"
"2.7","Passed"
"2.8","Passed"
"2.9","Passed"
"2.10","Passed"
"2.11","Passed"
"2.12","Passed"
"3.1","Passed"
"3.2","Passed"
"3.3","Passed"
"3.4","Passed"
"3.5","Passed"
"3.6","Passed"
"3.7","Passed"
"3.8","Passed"
"3.9","Passed"
"3.10","Passed"
"3.11","Passed"
"3.12","Passed"
"3.13","Passed"
"3.14","Passed"
"3.15","Passed"
"3.16","Passed"
"3.17","Failed"
"3.18","Passed"
"3.19","Passed"
